descrip,seriesID,date,cpi-value
All Items,CUURA316SA0,February-1982,93.6
All Items,CUURA316SA0,April-1982,94.7
All Items,CUURA316SA0,June-1982,97.2
All Items,CUURA316SA0,August-1982,97.0
All Items,CUURA316SA0,October-1982,97.8
All Items,CUURA316SA0,December-1982,96.7
All Items,CUURA316SA0,February-1983,97.1
All Items,CUURA316SA0,April-1983,98.4
All Items,CUURA316SA0,June-1983,100.1
All Items,CUURA316SA0,August-1983,100.7
All Items,CUURA316SA0,October-1983,101.5
All Items,CUURA316SA0,December-1983,101.2
All Items,CUURA316SA0,February-1984,102.9
All Items,CUURA316SA0,April-1984,103.3
All Items,CUURA316SA0,June-1984,103.8
All Items,CUURA316SA0,August-1984,105.1
All Items,CUURA316SA0,October-1984,106.4
All Items,CUURA316SA0,December-1984,105.4
All Items,CUURA316SA0,February-1985,106.2
All Items,CUURA316SA0,April-1985,107.0
All Items,CUURA316SA0,June-1985,108.3
All Items,CUURA316SA0,August-1985,109.5
All Items,CUURA316SA0,October-1985,109.6
All Items,CUURA316SA0,December-1985,109.8
All Items,CUURA316SA0,February-1986,110.6
All Items,CUURA316SA0,April-1986,108.8
All Items,CUURA316SA0,June-1986,109.9
All Items,CUURA316SA0,August-1986,110.4
All Items,CUURA316SA0,October-1986,110.3
All Items,CUURA316SA0,December-1986,109.3
All Items,CUURA316SA0,February-1987,110.9
All Items,CUURA316SA0,April-1987,112.2
All Items,CUURA316SA0,June-1987,112.9
All Items,CUURA316SA0,August-1987,113.5
All Items,CUURA316SA0,October-1987,114.9
All Items,CUURA316SA0,December-1987,113.9
All Items,CUURA316SA0,February-1988,114.0
All Items,CUURA316SA0,April-1988,115.4
All Items,CUURA316SA0,June-1988,115.6
All Items,CUURA316SA0,August-1988,117.2
All Items,CUURA316SA0,October-1988,117.9
All Items,CUURA316SA0,December-1988,117.2
All Items,CUURA316SA0,February-1989,117.5
All Items,CUURA316SA0,April-1989,118.7
All Items,CUURA316SA0,June-1989,120.0
All Items,CUURA316SA0,August-1989,120.0
All Items,CUURA316SA0,October-1989,121.4
All Items,CUURA316SA0,December-1989,120.5
All Items,CUURA316SA0,February-1990,122.2
All Items,CUURA316SA0,April-1990,122.9
All Items,CUURA316SA0,June-1990,123.8
All Items,CUURA316SA0,August-1990,126.0
All Items,CUURA316SA0,October-1990,129.5
All Items,CUURA316SA0,December-1990,128.4
All Items,CUURA316SA0,February-1991,129.4
All Items,CUURA316SA0,April-1991,129.5
All Items,CUURA316SA0,June-1991,130.1
All Items,CUURA316SA0,August-1991,131.1
All Items,CUURA316SA0,October-1991,133.6
All Items,CUURA316SA0,December-1991,132.0
All Items,CUURA316SA0,February-1992,132.4
All Items,CUURA316SA0,April-1992,132.5
All Items,CUURA316SA0,June-1992,134.2
All Items,CUURA316SA0,August-1992,134.4
All Items,CUURA316SA0,October-1992,136.1
All Items,CUURA316SA0,December-1992,134.6
All Items,CUURA316SA0,February-1993,135.4
All Items,CUURA316SA0,April-1993,137.0
All Items,CUURA316SA0,June-1993,136.2
All Items,CUURA316SA0,August-1993,138.1
All Items,CUURA316SA0,October-1993,139.6
All Items,CUURA316SA0,December-1993,138.8
All Items,CUURA316SA0,February-1994,139.2
All Items,CUURA316SA0,April-1994,140.3
All Items,CUURA316SA0,June-1994,141.4
All Items,CUURA316SA0,August-1994,142.2
All Items,CUURA316SA0,October-1994,142.8
All Items,CUURA316SA0,December-1994,141.9
All Items,CUURA316SA0,February-1995,143.3
All Items,CUURA316SA0,April-1995,145.0
All Items,CUURA316SA0,June-1995,144.4
All Items,CUURA316SA0,August-1995,145.1
All Items,CUURA316SA0,October-1995,146.8
All Items,CUURA316SA0,December-1995,145.5
All Items,CUURA316SA0,February-1996,146.2
All Items,CUURA316SA0,April-1996,148.5
All Items,CUURA316SA0,June-1996,149.4
All Items,CUURA316SA0,August-1996,149.5
All Items,CUURA316SA0,October-1996,150.7
All Items,CUURA316SA0,December-1996,150.0
All Items,CUURA316SA0,February-1997,150.7
All Items,CUURA316SA0,April-1997,150.6
All Items,CUURA316SA0,June-1997,151.4
All Items,CUURA316SA0,August-1997,151.2
All Items,CUURA316SA0,October-1997,152.8
All Items,CUURA316SA0,December-1997,152.5
All Items,CUURA316SA0,January-1998,152.1
All Items,CUURA316SA0,March-1998,153.0
All Items,CUURA316SA0,May-1998,153.0
All Items,CUURA316SA0,July-1998,154.2
All Items,CUURA316SA0,September-1998,154.5
All Items,CUURA316SA0,November-1998,154.0
All Items,CUURA316SA0,January-1999,155.0
All Items,CUURA316SA0,March-1999,156.4
All Items,CUURA316SA0,May-1999,157.2
All Items,CUURA316SA0,July-1999,158.3
All Items,CUURA316SA0,September-1999,159.8
All Items,CUURA316SA0,November-1999,160.1
All Items,CUURA316SA0,January-2000,160.4
All Items,CUURA316SA0,March-2000,163.1
All Items,CUURA316SA0,May-2000,163.2
All Items,CUURA316SA0,July-2000,166.2
All Items,CUURA316SA0,September-2000,166.9
All Items,CUURA316SA0,November-2000,166.8
All Items,CUURA316SA0,January-2001,167.3
All Items,CUURA316SA0,March-2001,168.9
All Items,CUURA316SA0,May-2001,169.4
All Items,CUURA316SA0,July-2001,171.5
All Items,CUURA316SA0,September-2001,172.8
All Items,CUURA316SA0,November-2001,171.5
All Items,CUURA316SA0,January-2002,170.6
All Items,CUURA316SA0,March-2002,172.1
All Items,CUURA316SA0,May-2002,172.9
All Items,CUURA316SA0,July-2002,172.9
All Items,CUURA316SA0,September-2002,173.2
All Items,CUURA316SA0,November-2002,173.6
All Items,CUURA316SA0,January-2003,174.0
All Items,CUURA316SA0,March-2003,176.8
All Items,CUURA316SA0,May-2003,176.9
All Items,CUURA316SA0,July-2003,176.5
All Items,CUURA316SA0,September-2003,177.0
All Items,CUURA316SA0,November-2003,175.9
All Items,CUURA316SA0,January-2004,175.7
All Items,CUURA316SA0,March-2004,177.7
All Items,CUURA316SA0,May-2004,179.1
All Items,CUURA316SA0,July-2004,179.1
All Items,CUURA316SA0,September-2004,179.7
All Items,CUURA316SA0,November-2004,179.9
All Items,CUURA316SA0,January-2005,180.0
All Items,CUURA316SA0,March-2005,181.3
All Items,CUURA316SA0,May-2005,183.5
All Items,CUURA316SA0,July-2005,184.3
All Items,CUURA316SA0,September-2005,188.9
All Items,CUURA316SA0,November-2005,187.8
All Items,CUURA316SA0,January-2006,188.6
All Items,CUURA316SA0,March-2006,188.4
All Items,CUURA316SA0,May-2006,191.2
All Items,CUURA316SA0,July-2006,191.7
All Items,CUURA316SA0,September-2006,192.0
All Items,CUURA316SA0,November-2006,188.4
All Items,CUURA316SA0,January-2007,188.890
All Items,CUURA316SA0,March-2007,190.156
All Items,CUURA316SA0,May-2007,192.779
All Items,CUURA316SA0,July-2007,194.286
All Items,CUURA316SA0,September-2007,194.847
All Items,CUURA316SA0,November-2007,196.465
All Items,CUURA316SA0,January-2008,197.079
All Items,CUURA316SA0,March-2008,198.596
All Items,CUURA316SA0,May-2008,202.357
All Items,CUURA316SA0,July-2008,206.413
All Items,CUURA316SA0,September-2008,205.883
All Items,CUURA316SA0,November-2008,200.051
All Items,CUURA316SA0,January-2009,198.623
All Items,CUURA316SA0,March-2009,200.039
All Items,CUURA316SA0,May-2009,199.311
All Items,CUURA316SA0,July-2009,200.663
All Items,CUURA316SA0,September-2009,201.802
All Items,CUURA316SA0,November-2009,201.958
All Items,CUURA316SA0,January-2010,202.106
All Items,CUURA316SA0,March-2010,201.982
All Items,CUURA316SA0,May-2010,202.108
All Items,CUURA316SA0,July-2010,200.227
All Items,CUURA316SA0,September-2010,201.882
All Items,CUURA316SA0,November-2010,201.168
All Items,CUURA316SA0,January-2011,203.199
All Items,CUURA316SA0,March-2011,206.967
All Items,CUURA316SA0,May-2011,208.794
All Items,CUURA316SA0,July-2011,208.602
All Items,CUURA316SA0,September-2011,209.255
All Items,CUURA316SA0,November-2011,209.283
All Items,CUURA316SA0,January-2012,209.203
All Items,CUURA316SA0,March-2012,212.618
All Items,CUURA316SA0,May-2012,212.226
All Items,CUURA316SA0,July-2012,211.267
All Items,CUURA316SA0,September-2012,214.033
All Items,CUURA316SA0,November-2012,212.901
All Items,CUURA316SA0,January-2013,213.696
All Items,CUURA316SA0,March-2013,216.465
All Items,CUURA316SA0,May-2013,215.670
All Items,CUURA316SA0,July-2013,216.979
All Items,CUURA316SA0,September-2013,217.068
All Items,CUURA316SA0,November-2013,215.450
All Items,CUURA316SA0,January-2014,216.291
All Items,CUURA316SA0,March-2014,218.715
All Items,CUURA316SA0,May-2014,219.590
All Items,CUURA316SA0,July-2014,219.543
All Items,CUURA316SA0,September-2014,219.380
All Items,CUURA316SA0,November-2014,217.188
All Items,CUURA316SA0,January-2015,214.899
All Items,CUURA316SA0,March-2015,217.487
Apparel,CUURA316SAA,February-1982,98.6
Apparel,CUURA316SAA,April-1982,97.6
Apparel,CUURA316SAA,June-1982,97.6
Apparel,CUURA316SAA,August-1982,96.2
Apparel,CUURA316SAA,October-1982,96.6
Apparel,CUURA316SAA,December-1982,96.8
Apparel,CUURA316SAA,February-1983,98.4
Apparel,CUURA316SAA,April-1983,101.1
Apparel,CUURA316SAA,June-1983,98.6
Apparel,CUURA316SAA,August-1983,99.9
Apparel,CUURA316SAA,October-1983,100.7
Apparel,CUURA316SAA,December-1983,100.1
Apparel,CUURA316SAA,February-1984,103.3
Apparel,CUURA316SAA,April-1984,102.8
Apparel,CUURA316SAA,June-1984,99.6
Apparel,CUURA316SAA,August-1984,101.0
Apparel,CUURA316SAA,October-1984,107.0
Apparel,CUURA316SAA,December-1984,106.8
Apparel,CUURA316SAA,February-1985,106.2
Apparel,CUURA316SAA,April-1985,105.8
Apparel,CUURA316SAA,June-1985,106.4
Apparel,CUURA316SAA,August-1985,108.7
Apparel,CUURA316SAA,October-1985,110.8
Apparel,CUURA316SAA,December-1985,108.5
Apparel,CUURA316SAA,February-1986,107.0
Apparel,CUURA316SAA,April-1986,106.2
Apparel,CUURA316SAA,June-1986,106.6
Apparel,CUURA316SAA,August-1986,109.2
Apparel,CUURA316SAA,October-1986,109.7
Apparel,CUURA316SAA,December-1986,106.5
Apparel,CUURA316SAA,February-1987,108.2
Apparel,CUURA316SAA,April-1987,117.5
Apparel,CUURA316SAA,June-1987,114.9
Apparel,CUURA316SAA,August-1987,113.9
Apparel,CUURA316SAA,October-1987,118.5
Apparel,CUURA316SAA,December-1987,116.5
Apparel,CUURA316SAA,February-1988,117.4
Apparel,CUURA316SAA,April-1988,125.1
Apparel,CUURA316SAA,June-1988,120.0
Apparel,CUURA316SAA,August-1988,123.0
Apparel,CUURA316SAA,October-1988,128.8
Apparel,CUURA316SAA,December-1988,126.7
Apparel,CUURA316SAA,February-1989,118.4
Apparel,CUURA316SAA,April-1989,130.0
Apparel,CUURA316SAA,June-1989,122.8
Apparel,CUURA316SAA,August-1989,124.6
Apparel,CUURA316SAA,October-1989,126.1
Apparel,CUURA316SAA,December-1989,124.9
Apparel,CUURA316SAA,February-1990,133.6
Apparel,CUURA316SAA,April-1990,136.1
Apparel,CUURA316SAA,June-1990,133.0
Apparel,CUURA316SAA,August-1990,137.7
Apparel,CUURA316SAA,October-1990,146.2
Apparel,CUURA316SAA,December-1990,142.7
Apparel,CUURA316SAA,February-1991,149.8
Apparel,CUURA316SAA,April-1991,154.1
Apparel,CUURA316SAA,June-1991,146.9
Apparel,CUURA316SAA,August-1991,150.6
Apparel,CUURA316SAA,October-1991,166.3
Apparel,CUURA316SAA,December-1991,142.8
Apparel,CUURA316SAA,February-1992,157.5
Apparel,CUURA316SAA,April-1992,152.4
Apparel,CUURA316SAA,June-1992,147.6
Apparel,CUURA316SAA,August-1992,144.5
Apparel,CUURA316SAA,October-1992,157.9
Apparel,CUURA316SAA,December-1992,149.9
Apparel,CUURA316SAA,February-1993,144.3
Apparel,CUURA316SAA,April-1993,161.5
Apparel,CUURA316SAA,June-1993,142.8
Apparel,CUURA316SAA,August-1993,139.7
Apparel,CUURA316SAA,October-1993,153.9
Apparel,CUURA316SAA,December-1993,143.3
Apparel,CUURA316SAA,February-1994,148.0
Apparel,CUURA316SAA,April-1994,147.6
Apparel,CUURA316SAA,June-1994,151.2
Apparel,CUURA316SAA,August-1994,147.8
Apparel,CUURA316SAA,October-1994,149.3
Apparel,CUURA316SAA,December-1994,146.2
Apparel,CUURA316SAA,February-1995,145.6
Apparel,CUURA316SAA,April-1995,154.6
Apparel,CUURA316SAA,June-1995,147.8
Apparel,CUURA316SAA,August-1995,145.0
Apparel,CUURA316SAA,October-1995,149.5
Apparel,CUURA316SAA,December-1995,143.7
Apparel,CUURA316SAA,February-1996,141.8
Apparel,CUURA316SAA,April-1996,149.4
Apparel,CUURA316SAA,June-1996,141.4
Apparel,CUURA316SAA,August-1996,140.5
Apparel,CUURA316SAA,October-1996,139.7
Apparel,CUURA316SAA,December-1996,136.9
Apparel,CUURA316SAA,February-1997,135.9
Apparel,CUURA316SAA,April-1997,139.8
Apparel,CUURA316SAA,June-1997,137.3
Apparel,CUURA316SAA,August-1997,135.4
Apparel,CUURA316SAA,October-1997,138.4
Apparel,CUURA316SAA,December-1997,136.5
Apparel,CUURA316SAA,January-1998,130.2
Apparel,CUURA316SAA,March-1998,146.9
Apparel,CUURA316SAA,May-1998,144.7
Apparel,CUURA316SAA,July-1998,135.2
Apparel,CUURA316SAA,September-1998,131.1
Apparel,CUURA316SAA,November-1998,130.6
Apparel,CUURA316SAA,January-1999,133.6
Apparel,CUURA316SAA,March-1999,148.9
Apparel,CUURA316SAA,May-1999,144.9
Apparel,CUURA316SAA,July-1999,134.5
Apparel,CUURA316SAA,September-1999,144.1
Apparel,CUURA316SAA,November-1999,140.0
Apparel,CUURA316SAA,January-2000,128.6
Apparel,CUURA316SAA,March-2000,146.4
Apparel,CUURA316SAA,May-2000,139.6
Apparel,CUURA316SAA,July-2000,133.2
Apparel,CUURA316SAA,September-2000,135.4
Apparel,CUURA316SAA,November-2000,138.0
Apparel,CUURA316SAA,January-2001,145.2
Apparel,CUURA316SAA,March-2001,156.1
Apparel,CUURA316SAA,May-2001,140.3
Apparel,CUURA316SAA,July-2001,134.7
Apparel,CUURA316SAA,September-2001,144.8
Apparel,CUURA316SAA,November-2001,143.4
Apparel,CUURA316SAA,January-2002,131.3
Apparel,CUURA316SAA,March-2002,139.9
Apparel,CUURA316SAA,May-2002,142.1
Apparel,CUURA316SAA,July-2002,132.1
Apparel,CUURA316SAA,September-2002,140.7
Apparel,CUURA316SAA,November-2002,133.0
Apparel,CUURA316SAA,January-2003,125.4
Apparel,CUURA316SAA,March-2003,137.7
Apparel,CUURA316SAA,May-2003,146.6
Apparel,CUURA316SAA,July-2003,126.4
Apparel,CUURA316SAA,September-2003,126.9
Apparel,CUURA316SAA,November-2003,122.3
Apparel,CUURA316SAA,January-2004,116.2
Apparel,CUURA316SAA,March-2004,138.3
Apparel,CUURA316SAA,May-2004,132.0
Apparel,CUURA316SAA,July-2004,123.2
Apparel,CUURA316SAA,September-2004,129.4
Apparel,CUURA316SAA,November-2004,126.7
Apparel,CUURA316SAA,January-2005,117.4
Apparel,CUURA316SAA,March-2005,133.7
Apparel,CUURA316SAA,May-2005,128.3
Apparel,CUURA316SAA,July-2005,108.3
Apparel,CUURA316SAA,September-2005,129.8
Apparel,CUURA316SAA,November-2005,125.3
Apparel,CUURA316SAA,January-2006,119.5
Apparel,CUURA316SAA,March-2006,129.6
Apparel,CUURA316SAA,May-2006,131.5
Apparel,CUURA316SAA,July-2006,125.6
Apparel,CUURA316SAA,September-2006,148.2
Apparel,CUURA316SAA,November-2006,133.0
Apparel,CUURA316SAA,January-2007,123.086
Apparel,CUURA316SAA,March-2007,121.419
Apparel,CUURA316SAA,May-2007,125.053
Apparel,CUURA316SAA,July-2007,120.337
Apparel,CUURA316SAA,September-2007,132.019
Apparel,CUURA316SAA,November-2007,138.739
Apparel,CUURA316SAA,January-2008,130.424
Apparel,CUURA316SAA,March-2008,126.160
Apparel,CUURA316SAA,May-2008,126.359
Apparel,CUURA316SAA,July-2008,125.293
Apparel,CUURA316SAA,September-2008,130.484
Apparel,CUURA316SAA,November-2008,122.279
Apparel,CUURA316SAA,January-2009,123.164
Apparel,CUURA316SAA,March-2009,131.734
Apparel,CUURA316SAA,May-2009,120.200
Apparel,CUURA316SAA,July-2009,114.621
Apparel,CUURA316SAA,September-2009,132.741
Apparel,CUURA316SAA,November-2009,129.569
Apparel,CUURA316SAA,January-2010,122.873
Apparel,CUURA316SAA,March-2010,124.152
Apparel,CUURA316SAA,May-2010,114.749
Apparel,CUURA316SAA,July-2010,111.583
Apparel,CUURA316SAA,September-2010,118.943
Apparel,CUURA316SAA,November-2010,119.223
Apparel,CUURA316SAA,January-2011,114.456
Apparel,CUURA316SAA,March-2011,120.351
Apparel,CUURA316SAA,May-2011,116.784
Apparel,CUURA316SAA,July-2011,112.189
Apparel,CUURA316SAA,September-2011,120.681
Apparel,CUURA316SAA,November-2011,126.328
Apparel,CUURA316SAA,January-2012,119.391
Apparel,CUURA316SAA,March-2012,122.326
Apparel,CUURA316SAA,May-2012,121.117
Apparel,CUURA316SAA,July-2012,109.112
Apparel,CUURA316SAA,September-2012,119.727
Apparel,CUURA316SAA,November-2012,115.749
Apparel,CUURA316SAA,January-2013,108.144
Apparel,CUURA316SAA,March-2013,118.715
Apparel,CUURA316SAA,May-2013,113.729
Apparel,CUURA316SAA,July-2013,115.845
Apparel,CUURA316SAA,September-2013,118.132
Apparel,CUURA316SAA,November-2013,118.052
Apparel,CUURA316SAA,January-2014,114.249
Apparel,CUURA316SAA,March-2014,120.157
Apparel,CUURA316SAA,May-2014,114.374
Apparel,CUURA316SAA,July-2014,109.699
Apparel,CUURA316SAA,September-2014,117.562
Apparel,CUURA316SAA,November-2014,112.281
Apparel,CUURA316SAA,January-2015,107.610
Apparel,CUURA316SAA,March-2015,119.623
Education & Com.,CUURA316SAE,December-1997,100.0
Education & Com.,CUURA316SAE,January-1998,98.9
Education & Com.,CUURA316SAE,March-1998,99.1
Education & Com.,CUURA316SAE,May-1998,99.0
Education & Com.,CUURA316SAE,July-1998,99.3
Education & Com.,CUURA316SAE,September-1998,101.2
Education & Com.,CUURA316SAE,November-1998,101.7
Education & Com.,CUURA316SAE,January-1999,101.8
Education & Com.,CUURA316SAE,March-1999,102.1
Education & Com.,CUURA316SAE,May-1999,103.0
Education & Com.,CUURA316SAE,July-1999,104.0
Education & Com.,CUURA316SAE,September-1999,106.0
Education & Com.,CUURA316SAE,November-1999,105.9
Education & Com.,CUURA316SAE,January-2000,107.1
Education & Com.,CUURA316SAE,March-2000,106.2
Education & Com.,CUURA316SAE,May-2000,105.8
Education & Com.,CUURA316SAE,July-2000,107.4
Education & Com.,CUURA316SAE,September-2000,108.0
Education & Com.,CUURA316SAE,November-2000,108.9
Education & Com.,CUURA316SAE,January-2001,108.9
Education & Com.,CUURA316SAE,March-2001,109.6
Education & Com.,CUURA316SAE,May-2001,109.4
Education & Com.,CUURA316SAE,July-2001,109.5
Education & Com.,CUURA316SAE,September-2001,113.3
Education & Com.,CUURA316SAE,November-2001,113.6
Education & Com.,CUURA316SAE,January-2002,114.4
Education & Com.,CUURA316SAE,March-2002,115.1
Education & Com.,CUURA316SAE,May-2002,115.4
Education & Com.,CUURA316SAE,July-2002,115.9
Education & Com.,CUURA316SAE,September-2002,117.4
Education & Com.,CUURA316SAE,November-2002,115.8
Education & Com.,CUURA316SAE,January-2003,119.2
Education & Com.,CUURA316SAE,March-2003,119.0
Education & Com.,CUURA316SAE,May-2003,118.4
Education & Com.,CUURA316SAE,July-2003,118.3
Education & Com.,CUURA316SAE,September-2003,120.3
Education & Com.,CUURA316SAE,November-2003,120.4
Education & Com.,CUURA316SAE,January-2004,120.1
Education & Com.,CUURA316SAE,March-2004,120.5
Education & Com.,CUURA316SAE,May-2004,120.2
Education & Com.,CUURA316SAE,July-2004,120.3
Education & Com.,CUURA316SAE,September-2004,120.4
Education & Com.,CUURA316SAE,November-2004,121.2
Education & Com.,CUURA316SAE,January-2005,120.9
Education & Com.,CUURA316SAE,March-2005,121.7
Education & Com.,CUURA316SAE,May-2005,121.8
Education & Com.,CUURA316SAE,July-2005,121.6
Education & Com.,CUURA316SAE,September-2005,123.5
Education & Com.,CUURA316SAE,November-2005,123.0
Education & Com.,CUURA316SAE,January-2006,122.8
Education & Com.,CUURA316SAE,March-2006,122.7
Education & Com.,CUURA316SAE,May-2006,123.1
Education & Com.,CUURA316SAE,July-2006,122.5
Education & Com.,CUURA316SAE,September-2006,124.4
Education & Com.,CUURA316SAE,November-2006,125.4
Education & Com.,CUURA316SAE,January-2007,125.287
Education & Com.,CUURA316SAE,March-2007,125.011
Education & Com.,CUURA316SAE,May-2007,125.170
Education & Com.,CUURA316SAE,July-2007,125.979
Education & Com.,CUURA316SAE,September-2007,129.805
Education & Com.,CUURA316SAE,November-2007,129.105
Education & Com.,CUURA316SAE,January-2008,129.969
Education & Com.,CUURA316SAE,March-2008,130.990
Education & Com.,CUURA316SAE,May-2008,130.780
Education & Com.,CUURA316SAE,July-2008,131.212
Education & Com.,CUURA316SAE,September-2008,133.844
Education & Com.,CUURA316SAE,November-2008,133.578
Education & Com.,CUURA316SAE,January-2009,133.372
Education & Com.,CUURA316SAE,March-2009,133.247
Education & Com.,CUURA316SAE,May-2009,133.822
Education & Com.,CUURA316SAE,July-2009,133.757
Education & Com.,CUURA316SAE,September-2009,136.698
Education & Com.,CUURA316SAE,November-2009,136.964
Education & Com.,CUURA316SAE,January-2010,136.631
Education & Com.,CUURA316SAE,March-2010,136.497
Education & Com.,CUURA316SAE,May-2010,136.369
Education & Com.,CUURA316SAE,July-2010,137.100
Education & Com.,CUURA316SAE,September-2010,138.368
Education & Com.,CUURA316SAE,November-2010,137.698
Education & Com.,CUURA316SAE,January-2011,137.575
Education & Com.,CUURA316SAE,March-2011,137.305
Education & Com.,CUURA316SAE,May-2011,136.378
Education & Com.,CUURA316SAE,July-2011,137.471
Education & Com.,CUURA316SAE,September-2011,138.289
Education & Com.,CUURA316SAE,November-2011,138.135
Education & Com.,CUURA316SAE,January-2012,138.738
Education & Com.,CUURA316SAE,March-2012,138.202
Education & Com.,CUURA316SAE,May-2012,138.126
Education & Com.,CUURA316SAE,July-2012,138.482
Education & Com.,CUURA316SAE,September-2012,138.851
Education & Com.,CUURA316SAE,November-2012,139.710
Education & Com.,CUURA316SAE,January-2013,140.751
Education & Com.,CUURA316SAE,March-2013,141.409
Education & Com.,CUURA316SAE,May-2013,141.226
Education & Com.,CUURA316SAE,July-2013,138.898
Education & Com.,CUURA316SAE,September-2013,139.943
Education & Com.,CUURA316SAE,November-2013,140.163
Education & Com.,CUURA316SAE,January-2014,140.781
Education & Com.,CUURA316SAE,March-2014,140.716
Education & Com.,CUURA316SAE,May-2014,138.863
Education & Com.,CUURA316SAE,July-2014,139.247
Education & Com.,CUURA316SAE,September-2014,140.132
Education & Com.,CUURA316SAE,November-2014,137.720
Education & Com.,CUURA316SAE,January-2015,137.420
Education & Com.,CUURA316SAE,March-2015,137.094
Food & Bev.,CUURA316SAF,February-1982,94.6
Food & Bev.,CUURA316SAF,April-1982,95.3
Food & Bev.,CUURA316SAF,June-1982,96.4
Food & Bev.,CUURA316SAF,August-1982,96.7
Food & Bev.,CUURA316SAF,October-1982,96.9
Food & Bev.,CUURA316SAF,December-1982,97.7
Food & Bev.,CUURA316SAF,February-1983,98.3
Food & Bev.,CUURA316SAF,April-1983,99.3
Food & Bev.,CUURA316SAF,June-1983,99.4
Food & Bev.,CUURA316SAF,August-1983,99.7
Food & Bev.,CUURA316SAF,October-1983,100.9
Food & Bev.,CUURA316SAF,December-1983,100.9
Food & Bev.,CUURA316SAF,February-1984,103.5
Food & Bev.,CUURA316SAF,April-1984,104.2
Food & Bev.,CUURA316SAF,June-1984,104.1
Food & Bev.,CUURA316SAF,August-1984,105.0
Food & Bev.,CUURA316SAF,October-1984,104.7
Food & Bev.,CUURA316SAF,December-1984,105.4
Food & Bev.,CUURA316SAF,February-1985,106.3
Food & Bev.,CUURA316SAF,April-1985,107.0
Food & Bev.,CUURA316SAF,June-1985,107.5
Food & Bev.,CUURA316SAF,August-1985,106.9
Food & Bev.,CUURA316SAF,October-1985,107.0
Food & Bev.,CUURA316SAF,December-1985,109.0
Food & Bev.,CUURA316SAF,February-1986,110.0
Food & Bev.,CUURA316SAF,April-1986,110.1
Food & Bev.,CUURA316SAF,June-1986,110.6
Food & Bev.,CUURA316SAF,August-1986,111.9
Food & Bev.,CUURA316SAF,October-1986,112.6
Food & Bev.,CUURA316SAF,December-1986,112.8
Food & Bev.,CUURA316SAF,February-1987,115.6
Food & Bev.,CUURA316SAF,April-1987,114.5
Food & Bev.,CUURA316SAF,June-1987,116.2
Food & Bev.,CUURA316SAF,August-1987,116.1
Food & Bev.,CUURA316SAF,October-1987,117.3
Food & Bev.,CUURA316SAF,December-1987,116.9
Food & Bev.,CUURA316SAF,February-1988,117.5
Food & Bev.,CUURA316SAF,April-1988,118.3
Food & Bev.,CUURA316SAF,June-1988,119.9
Food & Bev.,CUURA316SAF,August-1988,120.8
Food & Bev.,CUURA316SAF,October-1988,122.4
Food & Bev.,CUURA316SAF,December-1988,123.1
Food & Bev.,CUURA316SAF,February-1989,124.4
Food & Bev.,CUURA316SAF,April-1989,124.8
Food & Bev.,CUURA316SAF,June-1989,124.9
Food & Bev.,CUURA316SAF,August-1989,125.3
Food & Bev.,CUURA316SAF,October-1989,126.6
Food & Bev.,CUURA316SAF,December-1989,127.9
Food & Bev.,CUURA316SAF,February-1990,129.6
Food & Bev.,CUURA316SAF,April-1990,130.7
Food & Bev.,CUURA316SAF,June-1990,130.5
Food & Bev.,CUURA316SAF,August-1990,131.5
Food & Bev.,CUURA316SAF,October-1990,132.0
Food & Bev.,CUURA316SAF,December-1990,134.1
Food & Bev.,CUURA316SAF,February-1991,134.7
Food & Bev.,CUURA316SAF,April-1991,135.5
Food & Bev.,CUURA316SAF,June-1991,138.2
Food & Bev.,CUURA316SAF,August-1991,136.6
Food & Bev.,CUURA316SAF,October-1991,135.6
Food & Bev.,CUURA316SAF,December-1991,138.0
Food & Bev.,CUURA316SAF,February-1992,139.6
Food & Bev.,CUURA316SAF,April-1992,138.6
Food & Bev.,CUURA316SAF,June-1992,137.2
Food & Bev.,CUURA316SAF,August-1992,138.1
Food & Bev.,CUURA316SAF,October-1992,138.6
Food & Bev.,CUURA316SAF,December-1992,137.9
Food & Bev.,CUURA316SAF,February-1993,138.1
Food & Bev.,CUURA316SAF,April-1993,139.3
Food & Bev.,CUURA316SAF,June-1993,139.1
Food & Bev.,CUURA316SAF,August-1993,138.3
Food & Bev.,CUURA316SAF,October-1993,137.6
Food & Bev.,CUURA316SAF,December-1993,142.5
Food & Bev.,CUURA316SAF,February-1994,140.2
Food & Bev.,CUURA316SAF,April-1994,141.4
Food & Bev.,CUURA316SAF,June-1994,142.3
Food & Bev.,CUURA316SAF,August-1994,143.3
Food & Bev.,CUURA316SAF,October-1994,142.8
Food & Bev.,CUURA316SAF,December-1994,143.9
Food & Bev.,CUURA316SAF,February-1995,144.1
Food & Bev.,CUURA316SAF,April-1995,145.7
Food & Bev.,CUURA316SAF,June-1995,144.1
Food & Bev.,CUURA316SAF,August-1995,145.5
Food & Bev.,CUURA316SAF,October-1995,146.8
Food & Bev.,CUURA316SAF,December-1995,148.2
Food & Bev.,CUURA316SAF,February-1996,149.8
Food & Bev.,CUURA316SAF,April-1996,151.8
Food & Bev.,CUURA316SAF,June-1996,152.5
Food & Bev.,CUURA316SAF,August-1996,152.7
Food & Bev.,CUURA316SAF,October-1996,155.8
Food & Bev.,CUURA316SAF,December-1996,156.0
Food & Bev.,CUURA316SAF,February-1997,155.7
Food & Bev.,CUURA316SAF,April-1997,155.3
Food & Bev.,CUURA316SAF,June-1997,157.1
Food & Bev.,CUURA316SAF,August-1997,157.4
Food & Bev.,CUURA316SAF,October-1997,158.1
Food & Bev.,CUURA316SAF,December-1997,159.6
Food & Bev.,CUURA316SAF,January-1998,158.9
Food & Bev.,CUURA316SAF,March-1998,159.0
Food & Bev.,CUURA316SAF,May-1998,159.4
Food & Bev.,CUURA316SAF,July-1998,160.5
Food & Bev.,CUURA316SAF,September-1998,160.9
Food & Bev.,CUURA316SAF,November-1998,161.2
Food & Bev.,CUURA316SAF,January-1999,163.0
Food & Bev.,CUURA316SAF,March-1999,165.4
Food & Bev.,CUURA316SAF,May-1999,165.6
Food & Bev.,CUURA316SAF,July-1999,164.1
Food & Bev.,CUURA316SAF,September-1999,165.0
Food & Bev.,CUURA316SAF,November-1999,166.3
Food & Bev.,CUURA316SAF,January-2000,168.1
Food & Bev.,CUURA316SAF,March-2000,166.5
Food & Bev.,CUURA316SAF,May-2000,168.8
Food & Bev.,CUURA316SAF,July-2000,168.9
Food & Bev.,CUURA316SAF,September-2000,171.6
Food & Bev.,CUURA316SAF,November-2000,170.3
Food & Bev.,CUURA316SAF,January-2001,171.4
Food & Bev.,CUURA316SAF,March-2001,170.4
Food & Bev.,CUURA316SAF,May-2001,170.8
Food & Bev.,CUURA316SAF,July-2001,174.7
Food & Bev.,CUURA316SAF,September-2001,176.1
Food & Bev.,CUURA316SAF,November-2001,176.6
Food & Bev.,CUURA316SAF,January-2002,177.2
Food & Bev.,CUURA316SAF,March-2002,176.6
Food & Bev.,CUURA316SAF,May-2002,175.2
Food & Bev.,CUURA316SAF,July-2002,176.6
Food & Bev.,CUURA316SAF,September-2002,176.6
Food & Bev.,CUURA316SAF,November-2002,177.0
Food & Bev.,CUURA316SAF,January-2003,176.6
Food & Bev.,CUURA316SAF,March-2003,177.4
Food & Bev.,CUURA316SAF,May-2003,178.6
Food & Bev.,CUURA316SAF,July-2003,177.3
Food & Bev.,CUURA316SAF,September-2003,180.5
Food & Bev.,CUURA316SAF,November-2003,183.6
Food & Bev.,CUURA316SAF,January-2004,184.0
Food & Bev.,CUURA316SAF,March-2004,184.7
Food & Bev.,CUURA316SAF,May-2004,186.9
Food & Bev.,CUURA316SAF,July-2004,186.3
Food & Bev.,CUURA316SAF,September-2004,185.1
Food & Bev.,CUURA316SAF,November-2004,186.8
Food & Bev.,CUURA316SAF,January-2005,186.4
Food & Bev.,CUURA316SAF,March-2005,184.5
Food & Bev.,CUURA316SAF,May-2005,189.2
Food & Bev.,CUURA316SAF,July-2005,191.2
Food & Bev.,CUURA316SAF,September-2005,191.8
Food & Bev.,CUURA316SAF,November-2005,192.4
Food & Bev.,CUURA316SAF,January-2006,196.0
Food & Bev.,CUURA316SAF,March-2006,196.0
Food & Bev.,CUURA316SAF,May-2006,196.1
Food & Bev.,CUURA316SAF,July-2006,196.1
Food & Bev.,CUURA316SAF,September-2006,197.4
Food & Bev.,CUURA316SAF,November-2006,198.7
Food & Bev.,CUURA316SAF,January-2007,199.922
Food & Bev.,CUURA316SAF,March-2007,201.937
Food & Bev.,CUURA316SAF,May-2007,204.054
Food & Bev.,CUURA316SAF,July-2007,205.257
Food & Bev.,CUURA316SAF,September-2007,207.911
Food & Bev.,CUURA316SAF,November-2007,210.102
Food & Bev.,CUURA316SAF,January-2008,212.703
Food & Bev.,CUURA316SAF,March-2008,213.119
Food & Bev.,CUURA316SAF,May-2008,215.002
Food & Bev.,CUURA316SAF,July-2008,219.621
Food & Bev.,CUURA316SAF,September-2008,221.091
Food & Bev.,CUURA316SAF,November-2008,223.198
Food & Bev.,CUURA316SAF,January-2009,223.349
Food & Bev.,CUURA316SAF,March-2009,223.475
Food & Bev.,CUURA316SAF,May-2009,221.461
Food & Bev.,CUURA316SAF,July-2009,222.630
Food & Bev.,CUURA316SAF,September-2009,222.579
Food & Bev.,CUURA316SAF,November-2009,221.142
Food & Bev.,CUURA316SAF,January-2010,222.341
Food & Bev.,CUURA316SAF,March-2010,223.026
Food & Bev.,CUURA316SAF,May-2010,222.261
Food & Bev.,CUURA316SAF,July-2010,223.807
Food & Bev.,CUURA316SAF,September-2010,224.381
Food & Bev.,CUURA316SAF,November-2010,223.468
Food & Bev.,CUURA316SAF,January-2011,226.470
Food & Bev.,CUURA316SAF,March-2011,228.645
Food & Bev.,CUURA316SAF,May-2011,229.349
Food & Bev.,CUURA316SAF,July-2011,230.293
Food & Bev.,CUURA316SAF,September-2011,232.668
Food & Bev.,CUURA316SAF,November-2011,234.721
Food & Bev.,CUURA316SAF,January-2012,235.606
Food & Bev.,CUURA316SAF,March-2012,235.629
Food & Bev.,CUURA316SAF,May-2012,235.895
Food & Bev.,CUURA316SAF,July-2012,236.688
Food & Bev.,CUURA316SAF,September-2012,238.012
Food & Bev.,CUURA316SAF,November-2012,238.730
Food & Bev.,CUURA316SAF,January-2013,239.781
Food & Bev.,CUURA316SAF,March-2013,241.362
Food & Bev.,CUURA316SAF,May-2013,242.158
Food & Bev.,CUURA316SAF,July-2013,242.515
Food & Bev.,CUURA316SAF,September-2013,243.322
Food & Bev.,CUURA316SAF,November-2013,243.225
Food & Bev.,CUURA316SAF,January-2014,244.901
Food & Bev.,CUURA316SAF,March-2014,244.707
Food & Bev.,CUURA316SAF,May-2014,246.349
Food & Bev.,CUURA316SAF,July-2014,245.785
Food & Bev.,CUURA316SAF,September-2014,249.118
Food & Bev.,CUURA316SAF,November-2014,249.432
Food & Bev.,CUURA316SAF,January-2015,249.845
Food & Bev.,CUURA316SAF,March-2015,249.256
Housing,CUURA316SAH,February-1982,92.5
Housing,CUURA316SAH,April-1982,95.9
Housing,CUURA316SAH,June-1982,98.5
Housing,CUURA316SAH,August-1982,97.4
Housing,CUURA316SAH,October-1982,98.4
Housing,CUURA316SAH,December-1982,95.8
Housing,CUURA316SAH,February-1983,96.7
Housing,CUURA316SAH,April-1983,97.9
Housing,CUURA316SAH,June-1983,101.3
Housing,CUURA316SAH,August-1983,101.0
Housing,CUURA316SAH,October-1983,101.3
Housing,CUURA316SAH,December-1983,100.7
Housing,CUURA316SAH,February-1984,103.0
Housing,CUURA316SAH,April-1984,102.8
Housing,CUURA316SAH,June-1984,104.0
Housing,CUURA316SAH,August-1984,105.3
Housing,CUURA316SAH,October-1984,106.3
Housing,CUURA316SAH,December-1984,103.4
Housing,CUURA316SAH,February-1985,105.0
Housing,CUURA316SAH,April-1985,105.6
Housing,CUURA316SAH,June-1985,107.9
Housing,CUURA316SAH,August-1985,110.0
Housing,CUURA316SAH,October-1985,109.1
Housing,CUURA316SAH,December-1985,107.7
Housing,CUURA316SAH,February-1986,109.7
Housing,CUURA316SAH,April-1986,109.8
Housing,CUURA316SAH,June-1986,111.3
Housing,CUURA316SAH,August-1986,111.6
Housing,CUURA316SAH,October-1986,110.0
Housing,CUURA316SAH,December-1986,107.1
Housing,CUURA316SAH,February-1987,108.0
Housing,CUURA316SAH,April-1987,109.1
Housing,CUURA316SAH,June-1987,109.7
Housing,CUURA316SAH,August-1987,110.5
Housing,CUURA316SAH,October-1987,111.4
Housing,CUURA316SAH,December-1987,108.9
Housing,CUURA316SAH,February-1988,107.9
Housing,CUURA316SAH,April-1988,109.2
Housing,CUURA316SAH,June-1988,109.4
Housing,CUURA316SAH,August-1988,111.9
Housing,CUURA316SAH,October-1988,111.2
Housing,CUURA316SAH,December-1988,109.2
Housing,CUURA316SAH,February-1989,110.3
Housing,CUURA316SAH,April-1989,109.7
Housing,CUURA316SAH,June-1989,112.4
Housing,CUURA316SAH,August-1989,112.9
Housing,CUURA316SAH,October-1989,113.7
Housing,CUURA316SAH,December-1989,111.2
Housing,CUURA316SAH,February-1990,111.6
Housing,CUURA316SAH,April-1990,112.2
Housing,CUURA316SAH,June-1990,114.0
Housing,CUURA316SAH,August-1990,116.1
Housing,CUURA316SAH,October-1990,118.3
Housing,CUURA316SAH,December-1990,114.8
Housing,CUURA316SAH,February-1991,116.8
Housing,CUURA316SAH,April-1991,117.1
Housing,CUURA316SAH,June-1991,117.8
Housing,CUURA316SAH,August-1991,119.1
Housing,CUURA316SAH,October-1991,121.9
Housing,CUURA316SAH,December-1991,120.3
Housing,CUURA316SAH,February-1992,118.4
Housing,CUURA316SAH,April-1992,119.0
Housing,CUURA316SAH,June-1992,123.9
Housing,CUURA316SAH,August-1992,124.9
Housing,CUURA316SAH,October-1992,123.2
Housing,CUURA316SAH,December-1992,121.7
Housing,CUURA316SAH,February-1993,123.9
Housing,CUURA316SAH,April-1993,123.7
Housing,CUURA316SAH,June-1993,123.6
Housing,CUURA316SAH,August-1993,127.6
Housing,CUURA316SAH,October-1993,128.1
Housing,CUURA316SAH,December-1993,126.1
Housing,CUURA316SAH,February-1994,126.6
Housing,CUURA316SAH,April-1994,128.5
Housing,CUURA316SAH,June-1994,129.5
Housing,CUURA316SAH,August-1994,130.1
Housing,CUURA316SAH,October-1994,131.0
Housing,CUURA316SAH,December-1994,128.9
Housing,CUURA316SAH,February-1995,131.6
Housing,CUURA316SAH,April-1995,131.5
Housing,CUURA316SAH,June-1995,131.5
Housing,CUURA316SAH,August-1995,132.6
Housing,CUURA316SAH,October-1995,133.8
Housing,CUURA316SAH,December-1995,132.3
Housing,CUURA316SAH,February-1996,132.2
Housing,CUURA316SAH,April-1996,134.1
Housing,CUURA316SAH,June-1996,136.2
Housing,CUURA316SAH,August-1996,137.5
Housing,CUURA316SAH,October-1996,138.1
Housing,CUURA316SAH,December-1996,136.1
Housing,CUURA316SAH,February-1997,137.9
Housing,CUURA316SAH,April-1997,136.7
Housing,CUURA316SAH,June-1997,139.0
Housing,CUURA316SAH,August-1997,138.2
Housing,CUURA316SAH,October-1997,141.5
Housing,CUURA316SAH,December-1997,140.5
Housing,CUURA316SAH,January-1998,140.6
Housing,CUURA316SAH,March-1998,141.2
Housing,CUURA316SAH,May-1998,141.9
Housing,CUURA316SAH,July-1998,145.2
Housing,CUURA316SAH,September-1998,145.9
Housing,CUURA316SAH,November-1998,143.6
Housing,CUURA316SAH,January-1999,144.6
Housing,CUURA316SAH,March-1999,145.1
Housing,CUURA316SAH,May-1999,145.4
Housing,CUURA316SAH,July-1999,148.7
Housing,CUURA316SAH,September-1999,148.7
Housing,CUURA316SAH,November-1999,147.5
Housing,CUURA316SAH,January-2000,148.3
Housing,CUURA316SAH,March-2000,149.7
Housing,CUURA316SAH,May-2000,150.4
Housing,CUURA316SAH,July-2000,155.1
Housing,CUURA316SAH,September-2000,155.8
Housing,CUURA316SAH,November-2000,154.5
Housing,CUURA316SAH,January-2001,155.4
Housing,CUURA316SAH,March-2001,158.2
Housing,CUURA316SAH,May-2001,157.4
Housing,CUURA316SAH,July-2001,163.5
Housing,CUURA316SAH,September-2001,163.1
Housing,CUURA316SAH,November-2001,162.7
Housing,CUURA316SAH,January-2002,162.4
Housing,CUURA316SAH,March-2002,162.6
Housing,CUURA316SAH,May-2002,162.2
Housing,CUURA316SAH,July-2002,163.0
Housing,CUURA316SAH,September-2002,162.6
Housing,CUURA316SAH,November-2002,161.8
Housing,CUURA316SAH,January-2003,162.9
Housing,CUURA316SAH,March-2003,165.3
Housing,CUURA316SAH,May-2003,166.3
Housing,CUURA316SAH,July-2003,166.9
Housing,CUURA316SAH,September-2003,166.5
Housing,CUURA316SAH,November-2003,164.6
Housing,CUURA316SAH,January-2004,163.2
Housing,CUURA316SAH,March-2004,162.9
Housing,CUURA316SAH,May-2004,163.4
Housing,CUURA316SAH,July-2004,166.6
Housing,CUURA316SAH,September-2004,167.8
Housing,CUURA316SAH,November-2004,166.5
Housing,CUURA316SAH,January-2005,167.7
Housing,CUURA316SAH,March-2005,166.3
Housing,CUURA316SAH,May-2005,168.1
Housing,CUURA316SAH,July-2005,171.2
Housing,CUURA316SAH,September-2005,172.4
Housing,CUURA316SAH,November-2005,175.2
Housing,CUURA316SAH,January-2006,175.7
Housing,CUURA316SAH,March-2006,173.5
Housing,CUURA316SAH,May-2006,173.9
Housing,CUURA316SAH,July-2006,175.5
Housing,CUURA316SAH,September-2006,176.1
Housing,CUURA316SAH,November-2006,173.3
Housing,CUURA316SAH,January-2007,172.929
Housing,CUURA316SAH,March-2007,174.101
Housing,CUURA316SAH,May-2007,174.899
Housing,CUURA316SAH,July-2007,178.588
Housing,CUURA316SAH,September-2007,178.291
Housing,CUURA316SAH,November-2007,176.563
Housing,CUURA316SAH,January-2008,177.469
Housing,CUURA316SAH,March-2008,177.992
Housing,CUURA316SAH,May-2008,181.626
Housing,CUURA316SAH,July-2008,185.800
Housing,CUURA316SAH,September-2008,186.698
Housing,CUURA316SAH,November-2008,185.732
Housing,CUURA316SAH,January-2009,185.444
Housing,CUURA316SAH,March-2009,184.339
Housing,CUURA316SAH,May-2009,182.467
Housing,CUURA316SAH,July-2009,182.895
Housing,CUURA316SAH,September-2009,182.336
Housing,CUURA316SAH,November-2009,180.436
Housing,CUURA316SAH,January-2010,180.119
Housing,CUURA316SAH,March-2010,178.767
Housing,CUURA316SAH,May-2010,178.694
Housing,CUURA316SAH,July-2010,179.231
Housing,CUURA316SAH,September-2010,179.090
Housing,CUURA316SAH,November-2010,177.027
Housing,CUURA316SAH,January-2011,177.624
Housing,CUURA316SAH,March-2011,178.929
Housing,CUURA316SAH,May-2011,180.047
Housing,CUURA316SAH,July-2011,181.514
Housing,CUURA316SAH,September-2011,182.468
Housing,CUURA316SAH,November-2011,182.221
Housing,CUURA316SAH,January-2012,181.796
Housing,CUURA316SAH,March-2012,182.582
Housing,CUURA316SAH,May-2012,183.075
Housing,CUURA316SAH,July-2012,185.272
Housing,CUURA316SAH,September-2012,185.735
Housing,CUURA316SAH,November-2012,186.885
Housing,CUURA316SAH,January-2013,188.398
Housing,CUURA316SAH,March-2013,188.472
Housing,CUURA316SAH,May-2013,188.881
Housing,CUURA316SAH,July-2013,189.249
Housing,CUURA316SAH,September-2013,190.639
Housing,CUURA316SAH,November-2013,190.126
Housing,CUURA316SAH,January-2014,190.357
Housing,CUURA316SAH,March-2014,193.353
Housing,CUURA316SAH,May-2014,194.563
Housing,CUURA316SAH,July-2014,196.035
Housing,CUURA316SAH,September-2014,195.923
Housing,CUURA316SAH,November-2014,195.129
Housing,CUURA316SAH,January-2015,196.475
Housing,CUURA316SAH,March-2015,197.523
Medical,CUURA316SAM,February-1982,89.2
Medical,CUURA316SAM,April-1982,90.3
Medical,CUURA316SAM,June-1982,91.6
Medical,CUURA316SAM,August-1982,92.2
Medical,CUURA316SAM,October-1982,94.2
Medical,CUURA316SAM,December-1982,96.0
Medical,CUURA316SAM,February-1983,98.8
Medical,CUURA316SAM,April-1983,100.9
Medical,CUURA316SAM,June-1983,100.8
Medical,CUURA316SAM,August-1983,102.3
Medical,CUURA316SAM,October-1983,102.3
Medical,CUURA316SAM,December-1983,104.1
Medical,CUURA316SAM,February-1984,105.4
Medical,CUURA316SAM,April-1984,106.0
Medical,CUURA316SAM,June-1984,106.5
Medical,CUURA316SAM,August-1984,107.4
Medical,CUURA316SAM,October-1984,108.5
Medical,CUURA316SAM,December-1984,109.3
Medical,CUURA316SAM,February-1985,110.5
Medical,CUURA316SAM,April-1985,111.3
Medical,CUURA316SAM,June-1985,112.1
Medical,CUURA316SAM,August-1985,114.7
Medical,CUURA316SAM,October-1985,116.1
Medical,CUURA316SAM,December-1985,122.1
Medical,CUURA316SAM,February-1986,123.7
Medical,CUURA316SAM,April-1986,125.3
Medical,CUURA316SAM,June-1986,126.0
Medical,CUURA316SAM,August-1986,127.5
Medical,CUURA316SAM,October-1986,129.2
Medical,CUURA316SAM,December-1986,130.6
Medical,CUURA316SAM,February-1987,130.3
Medical,CUURA316SAM,April-1987,134.0
Medical,CUURA316SAM,June-1987,134.3
Medical,CUURA316SAM,August-1987,135.4
Medical,CUURA316SAM,October-1987,135.3
Medical,CUURA316SAM,December-1987,137.9
Medical,CUURA316SAM,February-1988,141.6
Medical,CUURA316SAM,April-1988,140.7
Medical,CUURA316SAM,June-1988,140.9
Medical,CUURA316SAM,August-1988,141.6
Medical,CUURA316SAM,October-1988,142.9
Medical,CUURA316SAM,December-1988,145.7
Medical,CUURA316SAM,February-1989,148.2
Medical,CUURA316SAM,April-1989,148.7
Medical,CUURA316SAM,June-1989,149.8
Medical,CUURA316SAM,August-1989,151.9
Medical,CUURA316SAM,October-1989,154.4
Medical,CUURA316SAM,December-1989,154.4
Medical,CUURA316SAM,February-1990,156.4
Medical,CUURA316SAM,April-1990,156.9
Medical,CUURA316SAM,June-1990,162.1
Medical,CUURA316SAM,August-1990,163.7
Medical,CUURA316SAM,October-1990,167.3
Medical,CUURA316SAM,December-1990,168.2
Medical,CUURA316SAM,February-1991,170.4
Medical,CUURA316SAM,April-1991,170.9
Medical,CUURA316SAM,June-1991,174.3
Medical,CUURA316SAM,August-1991,176.3
Medical,CUURA316SAM,October-1991,179.0
Medical,CUURA316SAM,December-1991,180.8
Medical,CUURA316SAM,February-1992,182.7
Medical,CUURA316SAM,April-1992,185.7
Medical,CUURA316SAM,June-1992,187.7
Medical,CUURA316SAM,August-1992,188.9
Medical,CUURA316SAM,October-1992,193.8
Medical,CUURA316SAM,December-1992,194.1
Medical,CUURA316SAM,February-1993,193.5
Medical,CUURA316SAM,April-1993,194.0
Medical,CUURA316SAM,June-1993,196.7
Medical,CUURA316SAM,August-1993,197.9
Medical,CUURA316SAM,October-1993,199.7
Medical,CUURA316SAM,December-1993,200.6
Medical,CUURA316SAM,February-1994,202.1
Medical,CUURA316SAM,April-1994,203.7
Medical,CUURA316SAM,June-1994,204.5
Medical,CUURA316SAM,August-1994,205.3
Medical,CUURA316SAM,October-1994,209.6
Medical,CUURA316SAM,December-1994,210.8
Medical,CUURA316SAM,February-1995,212.8
Medical,CUURA316SAM,April-1995,216.2
Medical,CUURA316SAM,June-1995,215.6
Medical,CUURA316SAM,August-1995,218.6
Medical,CUURA316SAM,October-1995,220.4
Medical,CUURA316SAM,December-1995,220.3
Medical,CUURA316SAM,February-1996,224.9
Medical,CUURA316SAM,April-1996,225.5
Medical,CUURA316SAM,June-1996,228.0
Medical,CUURA316SAM,August-1996,223.4
Medical,CUURA316SAM,October-1996,224.1
Medical,CUURA316SAM,December-1996,222.6
Medical,CUURA316SAM,February-1997,222.6
Medical,CUURA316SAM,April-1997,224.1
Medical,CUURA316SAM,June-1997,224.2
Medical,CUURA316SAM,August-1997,226.7
Medical,CUURA316SAM,October-1997,227.3
Medical,CUURA316SAM,December-1997,228.1
Medical,CUURA316SAM,January-1998,229.0
Medical,CUURA316SAM,March-1998,227.6
Medical,CUURA316SAM,May-1998,228.2
Medical,CUURA316SAM,July-1998,229.5
Medical,CUURA316SAM,September-1998,231.1
Medical,CUURA316SAM,November-1998,228.8
Medical,CUURA316SAM,January-1999,229.5
Medical,CUURA316SAM,March-1999,231.5
Medical,CUURA316SAM,May-1999,231.0
Medical,CUURA316SAM,July-1999,233.4
Medical,CUURA316SAM,September-1999,234.0
Medical,CUURA316SAM,November-1999,237.8
Medical,CUURA316SAM,January-2000,237.9
Medical,CUURA316SAM,March-2000,240.8
Medical,CUURA316SAM,May-2000,239.8
Medical,CUURA316SAM,July-2000,245.2
Medical,CUURA316SAM,September-2000,246.1
Medical,CUURA316SAM,November-2000,246.9
Medical,CUURA316SAM,January-2001,248.7
Medical,CUURA316SAM,March-2001,250.2
Medical,CUURA316SAM,May-2001,251.4
Medical,CUURA316SAM,July-2001,252.9
Medical,CUURA316SAM,September-2001,253.5
Medical,CUURA316SAM,November-2001,255.5
Medical,CUURA316SAM,January-2002,256.9
Medical,CUURA316SAM,March-2002,265.5
Medical,CUURA316SAM,May-2002,267.0
Medical,CUURA316SAM,July-2002,269.2
Medical,CUURA316SAM,September-2002,269.0
Medical,CUURA316SAM,November-2002,273.7
Medical,CUURA316SAM,January-2003,273.1
Medical,CUURA316SAM,March-2003,273.7
Medical,CUURA316SAM,May-2003,277.1
Medical,CUURA316SAM,July-2003,279.6
Medical,CUURA316SAM,September-2003,281.8
Medical,CUURA316SAM,November-2003,276.0
Medical,CUURA316SAM,January-2004,278.7
Medical,CUURA316SAM,March-2004,284.5
Medical,CUURA316SAM,May-2004,284.7
Medical,CUURA316SAM,July-2004,285.3
Medical,CUURA316SAM,September-2004,284.8
Medical,CUURA316SAM,November-2004,285.1
Medical,CUURA316SAM,January-2005,285.2
Medical,CUURA316SAM,March-2005,295.2
Medical,CUURA316SAM,May-2005,295.5
Medical,CUURA316SAM,July-2005,296.3
Medical,CUURA316SAM,September-2005,296.8
Medical,CUURA316SAM,November-2005,296.7
Medical,CUURA316SAM,January-2006,301.9
Medical,CUURA316SAM,March-2006,304.0
Medical,CUURA316SAM,May-2006,304.6
Medical,CUURA316SAM,July-2006,305.8
Medical,CUURA316SAM,September-2006,313.0
Medical,CUURA316SAM,November-2006,310.0
Medical,CUURA316SAM,January-2007,317.726
Medical,CUURA316SAM,March-2007,315.096
Medical,CUURA316SAM,May-2007,315.638
Medical,CUURA316SAM,July-2007,316.684
Medical,CUURA316SAM,September-2007,317.245
Medical,CUURA316SAM,November-2007,317.543
Medical,CUURA316SAM,January-2008,321.004
Medical,CUURA316SAM,March-2008,327.183
Medical,CUURA316SAM,May-2008,325.071
Medical,CUURA316SAM,July-2008,325.629
Medical,CUURA316SAM,September-2008,329.764
Medical,CUURA316SAM,November-2008,331.846
Medical,CUURA316SAM,January-2009,335.853
Medical,CUURA316SAM,March-2009,338.468
Medical,CUURA316SAM,May-2009,339.369
Medical,CUURA316SAM,July-2009,340.207
Medical,CUURA316SAM,September-2009,341.788
Medical,CUURA316SAM,November-2009,372.613
Medical,CUURA316SAM,January-2010,375.815
Medical,CUURA316SAM,March-2010,376.373
Medical,CUURA316SAM,May-2010,374.002
Medical,CUURA316SAM,July-2010,333.566
Medical,CUURA316SAM,September-2010,364.367
Medical,CUURA316SAM,November-2010,356.059
Medical,CUURA316SAM,January-2011,355.368
Medical,CUURA316SAM,March-2011,364.930
Medical,CUURA316SAM,May-2011,364.857
Medical,CUURA316SAM,July-2011,365.402
Medical,CUURA316SAM,September-2011,366.554
Medical,CUURA316SAM,November-2011,372.333
Medical,CUURA316SAM,January-2012,374.664
Medical,CUURA316SAM,March-2012,376.855
Medical,CUURA316SAM,May-2012,376.530
Medical,CUURA316SAM,July-2012,379.443
Medical,CUURA316SAM,September-2012,376.498
Medical,CUURA316SAM,November-2012,387.592
Medical,CUURA316SAM,January-2013,386.499
Medical,CUURA316SAM,March-2013,387.301
Medical,CUURA316SAM,May-2013,379.470
Medical,CUURA316SAM,July-2013,381.742
Medical,CUURA316SAM,September-2013,383.847
Medical,CUURA316SAM,November-2013,386.124
Medical,CUURA316SAM,January-2014,394.380
Medical,CUURA316SAM,March-2014,385.506
Medical,CUURA316SAM,May-2014,389.317
Medical,CUURA316SAM,July-2014,394.319
Medical,CUURA316SAM,September-2014,391.005
Medical,CUURA316SAM,November-2014,400.872
Medical,CUURA316SAM,January-2015,411.132
Medical,CUURA316SAM,March-2015,411.537
Other Goods & Serv.,CUURA316SAG,February-1982,87.9
Other Goods & Serv.,CUURA316SAG,April-1982,89.5
Other Goods & Serv.,CUURA316SAG,June-1982,90.7
Other Goods & Serv.,CUURA316SAG,August-1982,92.5
Other Goods & Serv.,CUURA316SAG,October-1982,96.1
Other Goods & Serv.,CUURA316SAG,December-1982,97.2
Other Goods & Serv.,CUURA316SAG,February-1983,98.3
Other Goods & Serv.,CUURA316SAG,April-1983,99.5
Other Goods & Serv.,CUURA316SAG,June-1983,100.3
Other Goods & Serv.,CUURA316SAG,August-1983,101.9
Other Goods & Serv.,CUURA316SAG,October-1983,103.4
Other Goods & Serv.,CUURA316SAG,December-1983,103.5
Other Goods & Serv.,CUURA316SAG,February-1984,104.9
Other Goods & Serv.,CUURA316SAG,April-1984,106.2
Other Goods & Serv.,CUURA316SAG,June-1984,107.0
Other Goods & Serv.,CUURA316SAG,August-1984,107.2
Other Goods & Serv.,CUURA316SAG,October-1984,109.8
Other Goods & Serv.,CUURA316SAG,December-1984,110.1
Other Goods & Serv.,CUURA316SAG,February-1985,110.1
Other Goods & Serv.,CUURA316SAG,April-1985,111.0
Other Goods & Serv.,CUURA316SAG,June-1985,111.2
Other Goods & Serv.,CUURA316SAG,August-1985,112.5
Other Goods & Serv.,CUURA316SAG,October-1985,115.7
Other Goods & Serv.,CUURA316SAG,December-1985,116.0
Other Goods & Serv.,CUURA316SAG,February-1986,117.0
Other Goods & Serv.,CUURA316SAG,April-1986,116.7
Other Goods & Serv.,CUURA316SAG,June-1986,116.5
Other Goods & Serv.,CUURA316SAG,August-1986,120.7
Other Goods & Serv.,CUURA316SAG,October-1986,122.6
Other Goods & Serv.,CUURA316SAG,December-1986,126.3
Other Goods & Serv.,CUURA316SAG,February-1987,128.2
Other Goods & Serv.,CUURA316SAG,April-1987,128.6
Other Goods & Serv.,CUURA316SAG,June-1987,127.4
Other Goods & Serv.,CUURA316SAG,August-1987,127.3
Other Goods & Serv.,CUURA316SAG,October-1987,130.7
Other Goods & Serv.,CUURA316SAG,December-1987,131.9
Other Goods & Serv.,CUURA316SAG,February-1988,131.8
Other Goods & Serv.,CUURA316SAG,April-1988,133.2
Other Goods & Serv.,CUURA316SAG,June-1988,134.5
Other Goods & Serv.,CUURA316SAG,August-1988,135.1
Other Goods & Serv.,CUURA316SAG,October-1988,138.6
Other Goods & Serv.,CUURA316SAG,December-1988,139.8
Other Goods & Serv.,CUURA316SAG,February-1989,143.2
Other Goods & Serv.,CUURA316SAG,April-1989,144.9
Other Goods & Serv.,CUURA316SAG,June-1989,144.8
Other Goods & Serv.,CUURA316SAG,August-1989,146.0
Other Goods & Serv.,CUURA316SAG,October-1989,150.5
Other Goods & Serv.,CUURA316SAG,December-1989,149.9
Other Goods & Serv.,CUURA316SAG,February-1990,153.8
Other Goods & Serv.,CUURA316SAG,April-1990,153.9
Other Goods & Serv.,CUURA316SAG,June-1990,155.1
Other Goods & Serv.,CUURA316SAG,August-1990,158.2
Other Goods & Serv.,CUURA316SAG,October-1990,159.2
Other Goods & Serv.,CUURA316SAG,December-1990,160.3
Other Goods & Serv.,CUURA316SAG,February-1991,160.9
Other Goods & Serv.,CUURA316SAG,April-1991,162.1
Other Goods & Serv.,CUURA316SAG,June-1991,164.4
Other Goods & Serv.,CUURA316SAG,August-1991,164.7
Other Goods & Serv.,CUURA316SAG,October-1991,164.4
Other Goods & Serv.,CUURA316SAG,December-1991,167.9
Other Goods & Serv.,CUURA316SAG,February-1992,170.2
Other Goods & Serv.,CUURA316SAG,April-1992,169.5
Other Goods & Serv.,CUURA316SAG,June-1992,169.4
Other Goods & Serv.,CUURA316SAG,August-1992,168.8
Other Goods & Serv.,CUURA316SAG,October-1992,173.5
Other Goods & Serv.,CUURA316SAG,December-1992,172.9
Other Goods & Serv.,CUURA316SAG,February-1993,178.4
Other Goods & Serv.,CUURA316SAG,April-1993,179.9
Other Goods & Serv.,CUURA316SAG,June-1993,184.9
Other Goods & Serv.,CUURA316SAG,August-1993,184.7
Other Goods & Serv.,CUURA316SAG,October-1993,177.6
Other Goods & Serv.,CUURA316SAG,December-1993,178.8
Other Goods & Serv.,CUURA316SAG,February-1994,179.3
Other Goods & Serv.,CUURA316SAG,April-1994,179.8
Other Goods & Serv.,CUURA316SAG,June-1994,182.8
Other Goods & Serv.,CUURA316SAG,August-1994,182.8
Other Goods & Serv.,CUURA316SAG,October-1994,180.1
Other Goods & Serv.,CUURA316SAG,December-1994,181.9
Other Goods & Serv.,CUURA316SAG,February-1995,182.2
Other Goods & Serv.,CUURA316SAG,April-1995,183.5
Other Goods & Serv.,CUURA316SAG,June-1995,184.5
Other Goods & Serv.,CUURA316SAG,August-1995,186.9
Other Goods & Serv.,CUURA316SAG,October-1995,189.1
Other Goods & Serv.,CUURA316SAG,December-1995,189.8
Other Goods & Serv.,CUURA316SAG,February-1996,192.2
Other Goods & Serv.,CUURA316SAG,April-1996,192.6
Other Goods & Serv.,CUURA316SAG,June-1996,193.5
Other Goods & Serv.,CUURA316SAG,August-1996,199.2
Other Goods & Serv.,CUURA316SAG,October-1996,200.0
Other Goods & Serv.,CUURA316SAG,December-1996,198.6
Other Goods & Serv.,CUURA316SAG,February-1997,202.8
Other Goods & Serv.,CUURA316SAG,April-1997,203.4
Other Goods & Serv.,CUURA316SAG,June-1997,203.2
Other Goods & Serv.,CUURA316SAG,August-1997,205.3
Other Goods & Serv.,CUURA316SAG,October-1997,208.6
Other Goods & Serv.,CUURA316SAG,December-1997,214.6
Other Goods & Serv.,CUURA316SAG,January-1998,217.4
Other Goods & Serv.,CUURA316SAG,March-1998,216.2
Other Goods & Serv.,CUURA316SAG,May-1998,218.9
Other Goods & Serv.,CUURA316SAG,July-1998,219.8
Other Goods & Serv.,CUURA316SAG,September-1998,223.2
Other Goods & Serv.,CUURA316SAG,November-1998,224.0
Other Goods & Serv.,CUURA316SAG,January-1999,237.1
Other Goods & Serv.,CUURA316SAG,March-1999,230.2
Other Goods & Serv.,CUURA316SAG,May-1999,237.3
Other Goods & Serv.,CUURA316SAG,July-1999,243.9
Other Goods & Serv.,CUURA316SAG,September-1999,246.7
Other Goods & Serv.,CUURA316SAG,November-1999,251.5
Other Goods & Serv.,CUURA316SAG,January-2000,252.3
Other Goods & Serv.,CUURA316SAG,March-2000,251.8
Other Goods & Serv.,CUURA316SAG,May-2000,252.2
Other Goods & Serv.,CUURA316SAG,July-2000,257.1
Other Goods & Serv.,CUURA316SAG,September-2000,260.9
Other Goods & Serv.,CUURA316SAG,November-2000,261.3
Other Goods & Serv.,CUURA316SAG,January-2001,257.5
Other Goods & Serv.,CUURA316SAG,March-2001,261.0
Other Goods & Serv.,CUURA316SAG,May-2001,255.3
Other Goods & Serv.,CUURA316SAG,July-2001,270.8
Other Goods & Serv.,CUURA316SAG,September-2001,274.4
Other Goods & Serv.,CUURA316SAG,November-2001,277.0
Other Goods & Serv.,CUURA316SAG,January-2002,273.7
Other Goods & Serv.,CUURA316SAG,March-2002,277.2
Other Goods & Serv.,CUURA316SAG,May-2002,278.7
Other Goods & Serv.,CUURA316SAG,July-2002,277.7
Other Goods & Serv.,CUURA316SAG,September-2002,269.7
Other Goods & Serv.,CUURA316SAG,November-2002,269.3
Other Goods & Serv.,CUURA316SAG,January-2003,269.7
Other Goods & Serv.,CUURA316SAG,March-2003,267.3
Other Goods & Serv.,CUURA316SAG,May-2003,273.0
Other Goods & Serv.,CUURA316SAG,July-2003,270.8
Other Goods & Serv.,CUURA316SAG,September-2003,273.3
Other Goods & Serv.,CUURA316SAG,November-2003,278.0
Other Goods & Serv.,CUURA316SAG,January-2004,277.6
Other Goods & Serv.,CUURA316SAG,March-2004,279.6
Other Goods & Serv.,CUURA316SAG,May-2004,282.0
Other Goods & Serv.,CUURA316SAG,July-2004,283.6
Other Goods & Serv.,CUURA316SAG,September-2004,285.6
Other Goods & Serv.,CUURA316SAG,November-2004,284.5
Other Goods & Serv.,CUURA316SAG,January-2005,288.4
Other Goods & Serv.,CUURA316SAG,March-2005,290.1
Other Goods & Serv.,CUURA316SAG,May-2005,289.6
Other Goods & Serv.,CUURA316SAG,July-2005,290.6
Other Goods & Serv.,CUURA316SAG,September-2005,292.1
Other Goods & Serv.,CUURA316SAG,November-2005,291.7
Other Goods & Serv.,CUURA316SAG,January-2006,293.5
Other Goods & Serv.,CUURA316SAG,March-2006,294.8
Other Goods & Serv.,CUURA316SAG,May-2006,294.4
Other Goods & Serv.,CUURA316SAG,July-2006,298.1
Other Goods & Serv.,CUURA316SAG,September-2006,298.4
Other Goods & Serv.,CUURA316SAG,November-2006,298.2
Other Goods & Serv.,CUURA316SAG,January-2007,314.030
Other Goods & Serv.,CUURA316SAG,March-2007,316.971
Other Goods & Serv.,CUURA316SAG,May-2007,316.916
Other Goods & Serv.,CUURA316SAG,July-2007,317.858
Other Goods & Serv.,CUURA316SAG,September-2007,319.236
Other Goods & Serv.,CUURA316SAG,November-2007,322.613
Other Goods & Serv.,CUURA316SAG,January-2008,321.146
Other Goods & Serv.,CUURA316SAG,March-2008,322.156
Other Goods & Serv.,CUURA316SAG,May-2008,324.344
Other Goods & Serv.,CUURA316SAG,July-2008,326.446
Other Goods & Serv.,CUURA316SAG,September-2008,326.318
Other Goods & Serv.,CUURA316SAG,November-2008,330.673
Other Goods & Serv.,CUURA316SAG,January-2009,330.802
Other Goods & Serv.,CUURA316SAG,March-2009,342.109
Other Goods & Serv.,CUURA316SAG,May-2009,344.289
Other Goods & Serv.,CUURA316SAG,July-2009,350.920
Other Goods & Serv.,CUURA316SAG,September-2009,354.064
Other Goods & Serv.,CUURA316SAG,November-2009,350.519
Other Goods & Serv.,CUURA316SAG,January-2010,349.500
Other Goods & Serv.,CUURA316SAG,March-2010,349.861
Other Goods & Serv.,CUURA316SAG,May-2010,345.061
Other Goods & Serv.,CUURA316SAG,July-2010,358.922
Other Goods & Serv.,CUURA316SAG,September-2010,353.949
Other Goods & Serv.,CUURA316SAG,November-2010,356.766
Other Goods & Serv.,CUURA316SAG,January-2011,357.102
Other Goods & Serv.,CUURA316SAG,March-2011,357.764
Other Goods & Serv.,CUURA316SAG,May-2011,353.583
Other Goods & Serv.,CUURA316SAG,July-2011,354.567
Other Goods & Serv.,CUURA316SAG,September-2011,350.640
Other Goods & Serv.,CUURA316SAG,November-2011,359.459
Other Goods & Serv.,CUURA316SAG,January-2012,356.795
Other Goods & Serv.,CUURA316SAG,March-2012,367.022
Other Goods & Serv.,CUURA316SAG,May-2012,362.400
Other Goods & Serv.,CUURA316SAG,July-2012,366.982
Other Goods & Serv.,CUURA316SAG,September-2012,370.271
Other Goods & Serv.,CUURA316SAG,November-2012,371.400
Other Goods & Serv.,CUURA316SAG,January-2013,371.680
Other Goods & Serv.,CUURA316SAG,March-2013,372.363
Other Goods & Serv.,CUURA316SAG,May-2013,373.737
Other Goods & Serv.,CUURA316SAG,July-2013,371.983
Other Goods & Serv.,CUURA316SAG,September-2013,373.117
Other Goods & Serv.,CUURA316SAG,November-2013,375.645
Other Goods & Serv.,CUURA316SAG,January-2014,376.898
Other Goods & Serv.,CUURA316SAG,March-2014,373.894
Other Goods & Serv.,CUURA316SAG,May-2014,376.818
Other Goods & Serv.,CUURA316SAG,July-2014,375.761
Other Goods & Serv.,CUURA316SAG,September-2014,377.702
Other Goods & Serv.,CUURA316SAG,November-2014,377.385
Other Goods & Serv.,CUURA316SAG,January-2015,380.701
Other Goods & Serv.,CUURA316SAG,March-2015,380.736
Recreation,CUURA316SAR,December-1997,100.0
Recreation,CUURA316SAR,January-1998,99.9
Recreation,CUURA316SAR,March-1998,99.7
Recreation,CUURA316SAR,May-1998,99.6
Recreation,CUURA316SAR,July-1998,99.9
Recreation,CUURA316SAR,September-1998,100.1
Recreation,CUURA316SAR,November-1998,100.7
Recreation,CUURA316SAR,January-1999,101.3
Recreation,CUURA316SAR,March-1999,100.9
Recreation,CUURA316SAR,May-1999,101.6
Recreation,CUURA316SAR,July-1999,102.7
Recreation,CUURA316SAR,September-1999,103.2
Recreation,CUURA316SAR,November-1999,103.9
Recreation,CUURA316SAR,January-2000,102.6
Recreation,CUURA316SAR,March-2000,105.5
Recreation,CUURA316SAR,May-2000,106.2
Recreation,CUURA316SAR,July-2000,108.5
Recreation,CUURA316SAR,September-2000,108.0
Recreation,CUURA316SAR,November-2000,107.8
Recreation,CUURA316SAR,January-2001,107.3
Recreation,CUURA316SAR,March-2001,107.4
Recreation,CUURA316SAR,May-2001,109.5
Recreation,CUURA316SAR,July-2001,109.1
Recreation,CUURA316SAR,September-2001,110.8
Recreation,CUURA316SAR,November-2001,109.1
Recreation,CUURA316SAR,January-2002,110.0
Recreation,CUURA316SAR,March-2002,110.8
Recreation,CUURA316SAR,May-2002,110.9
Recreation,CUURA316SAR,July-2002,110.6
Recreation,CUURA316SAR,September-2002,111.0
Recreation,CUURA316SAR,November-2002,113.9
Recreation,CUURA316SAR,January-2003,114.4
Recreation,CUURA316SAR,March-2003,114.3
Recreation,CUURA316SAR,May-2003,115.4
Recreation,CUURA316SAR,July-2003,116.6
Recreation,CUURA316SAR,September-2003,115.9
Recreation,CUURA316SAR,November-2003,115.5
Recreation,CUURA316SAR,January-2004,116.7
Recreation,CUURA316SAR,March-2004,117.7
Recreation,CUURA316SAR,May-2004,118.1
Recreation,CUURA316SAR,July-2004,114.2
Recreation,CUURA316SAR,September-2004,112.7
Recreation,CUURA316SAR,November-2004,113.7
Recreation,CUURA316SAR,January-2005,114.8
Recreation,CUURA316SAR,March-2005,115.5
Recreation,CUURA316SAR,May-2005,116.8
Recreation,CUURA316SAR,July-2005,116.7
Recreation,CUURA316SAR,September-2005,115.1
Recreation,CUURA316SAR,November-2005,115.6
Recreation,CUURA316SAR,January-2006,116.2
Recreation,CUURA316SAR,March-2006,117.0
Recreation,CUURA316SAR,May-2006,116.4
Recreation,CUURA316SAR,July-2006,115.3
Recreation,CUURA316SAR,September-2006,115.6
Recreation,CUURA316SAR,November-2006,116.9
Recreation,CUURA316SAR,January-2007,116.487
Recreation,CUURA316SAR,March-2007,114.662
Recreation,CUURA316SAR,May-2007,114.731
Recreation,CUURA316SAR,July-2007,113.739
Recreation,CUURA316SAR,September-2007,114.899
Recreation,CUURA316SAR,November-2007,113.832
Recreation,CUURA316SAR,January-2008,113.505
Recreation,CUURA316SAR,March-2008,115.180
Recreation,CUURA316SAR,May-2008,114.174
Recreation,CUURA316SAR,July-2008,115.871
Recreation,CUURA316SAR,September-2008,117.991
Recreation,CUURA316SAR,November-2008,118.408
Recreation,CUURA316SAR,January-2009,118.372
Recreation,CUURA316SAR,March-2009,119.328
Recreation,CUURA316SAR,May-2009,118.605
Recreation,CUURA316SAR,July-2009,118.657
Recreation,CUURA316SAR,September-2009,118.394
Recreation,CUURA316SAR,November-2009,107.152
Recreation,CUURA316SAR,January-2010,107.599
Recreation,CUURA316SAR,March-2010,107.050
Recreation,CUURA316SAR,May-2010,110.156
Recreation,CUURA316SAR,July-2010,108.592
Recreation,CUURA316SAR,September-2010,110.164
Recreation,CUURA316SAR,November-2010,108.182
Recreation,CUURA316SAR,January-2011,108.824
Recreation,CUURA316SAR,March-2011,109.424
Recreation,CUURA316SAR,May-2011,108.463
Recreation,CUURA316SAR,July-2011,107.265
Recreation,CUURA316SAR,September-2011,108.825
Recreation,CUURA316SAR,November-2011,107.929
Recreation,CUURA316SAR,January-2012,110.039
Recreation,CUURA316SAR,March-2012,111.722
Recreation,CUURA316SAR,May-2012,111.738
Recreation,CUURA316SAR,July-2012,110.110
Recreation,CUURA316SAR,September-2012,111.189
Recreation,CUURA316SAR,November-2012,110.978
Recreation,CUURA316SAR,January-2013,110.641
Recreation,CUURA316SAR,March-2013,109.518
Recreation,CUURA316SAR,May-2013,110.428
Recreation,CUURA316SAR,July-2013,111.775
Recreation,CUURA316SAR,September-2013,111.778
Recreation,CUURA316SAR,November-2013,111.103
Recreation,CUURA316SAR,January-2014,111.965
Recreation,CUURA316SAR,March-2014,112.956
Recreation,CUURA316SAR,May-2014,113.494
Recreation,CUURA316SAR,July-2014,111.236
Recreation,CUURA316SAR,September-2014,111.188
Recreation,CUURA316SAR,November-2014,111.302
Recreation,CUURA316SAR,January-2015,112.462
Recreation,CUURA316SAR,March-2015,111.830
Transportation,CUURA316SAT,February-1982,97.2
Transportation,CUURA316SAT,April-1982,93.8
Transportation,CUURA316SAT,June-1982,98.0
Transportation,CUURA316SAT,August-1982,99.1
Transportation,CUURA316SAT,October-1982,98.4
Transportation,CUURA316SAT,December-1982,97.9
Transportation,CUURA316SAT,February-1983,95.6
Transportation,CUURA316SAT,April-1983,97.3
Transportation,CUURA316SAT,June-1983,99.4
Transportation,CUURA316SAT,August-1983,100.6
Transportation,CUURA316SAT,October-1983,102.0
Transportation,CUURA316SAT,December-1983,101.5
Transportation,CUURA316SAT,February-1984,100.7
Transportation,CUURA316SAT,April-1984,101.7
Transportation,CUURA316SAT,June-1984,102.4
Transportation,CUURA316SAT,August-1984,104.8
Transportation,CUURA316SAT,October-1984,105.9
Transportation,CUURA316SAT,December-1984,105.6
Transportation,CUURA316SAT,February-1985,104.9
Transportation,CUURA316SAT,April-1985,106.5
Transportation,CUURA316SAT,June-1985,107.6
Transportation,CUURA316SAT,August-1985,108.0
Transportation,CUURA316SAT,October-1985,108.6
Transportation,CUURA316SAT,December-1985,108.7
Transportation,CUURA316SAT,February-1986,107.9
Transportation,CUURA316SAT,April-1986,99.2
Transportation,CUURA316SAT,June-1986,100.2
Transportation,CUURA316SAT,August-1986,98.7
Transportation,CUURA316SAT,October-1986,99.2
Transportation,CUURA316SAT,December-1986,98.7
Transportation,CUURA316SAT,February-1987,101.2
Transportation,CUURA316SAT,April-1987,101.0
Transportation,CUURA316SAT,June-1987,103.2
Transportation,CUURA316SAT,August-1987,104.7
Transportation,CUURA316SAT,October-1987,105.8
Transportation,CUURA316SAT,December-1987,107.2
Transportation,CUURA316SAT,February-1988,107.2
Transportation,CUURA316SAT,April-1988,106.6
Transportation,CUURA316SAT,June-1988,108.2
Transportation,CUURA316SAT,August-1988,108.4
Transportation,CUURA316SAT,October-1988,108.8
Transportation,CUURA316SAT,December-1988,109.0
Transportation,CUURA316SAT,February-1989,108.9
Transportation,CUURA316SAT,April-1989,109.5
Transportation,CUURA316SAT,June-1989,112.6
Transportation,CUURA316SAT,August-1989,110.4
Transportation,CUURA316SAT,October-1989,111.9
Transportation,CUURA316SAT,December-1989,112.1
Transportation,CUURA316SAT,February-1990,113.9
Transportation,CUURA316SAT,April-1990,113.1
Transportation,CUURA316SAT,June-1990,114.1
Transportation,CUURA316SAT,August-1990,116.6
Transportation,CUURA316SAT,October-1990,123.6
Transportation,CUURA316SAT,December-1990,125.3
Transportation,CUURA316SAT,February-1991,121.0
Transportation,CUURA316SAT,April-1991,118.3
Transportation,CUURA316SAT,June-1991,119.5
Transportation,CUURA316SAT,August-1991,120.8
Transportation,CUURA316SAT,October-1991,121.1
Transportation,CUURA316SAT,December-1991,123.1
Transportation,CUURA316SAT,February-1992,121.3
Transportation,CUURA316SAT,April-1992,122.4
Transportation,CUURA316SAT,June-1992,123.0
Transportation,CUURA316SAT,August-1992,122.9
Transportation,CUURA316SAT,October-1992,126.1
Transportation,CUURA316SAT,December-1992,125.6
Transportation,CUURA316SAT,February-1993,125.5
Transportation,CUURA316SAT,April-1993,126.1
Transportation,CUURA316SAT,June-1993,127.9
Transportation,CUURA316SAT,August-1993,130.4
Transportation,CUURA316SAT,October-1993,132.1
Transportation,CUURA316SAT,December-1993,133.1
Transportation,CUURA316SAT,February-1994,132.8
Transportation,CUURA316SAT,April-1994,133.1
Transportation,CUURA316SAT,June-1994,133.3
Transportation,CUURA316SAT,August-1994,135.7
Transportation,CUURA316SAT,October-1994,136.4
Transportation,CUURA316SAT,December-1994,136.5
Transportation,CUURA316SAT,February-1995,137.4
Transportation,CUURA316SAT,April-1995,140.3
Transportation,CUURA316SAT,June-1995,140.6
Transportation,CUURA316SAT,August-1995,139.7
Transportation,CUURA316SAT,October-1995,140.9
Transportation,CUURA316SAT,December-1995,138.3
Transportation,CUURA316SAT,February-1996,139.6
Transportation,CUURA316SAT,April-1996,141.9
Transportation,CUURA316SAT,June-1996,143.5
Transportation,CUURA316SAT,August-1996,141.2
Transportation,CUURA316SAT,October-1996,143.3
Transportation,CUURA316SAT,December-1996,145.0
Transportation,CUURA316SAT,February-1997,144.1
Transportation,CUURA316SAT,April-1997,143.9
Transportation,CUURA316SAT,June-1997,143.3
Transportation,CUURA316SAT,August-1997,143.1
Transportation,CUURA316SAT,October-1997,141.6
Transportation,CUURA316SAT,December-1997,140.0
Transportation,CUURA316SAT,January-1998,139.8
Transportation,CUURA316SAT,March-1998,139.2
Transportation,CUURA316SAT,May-1998,137.9
Transportation,CUURA316SAT,July-1998,138.5
Transportation,CUURA316SAT,September-1998,137.4
Transportation,CUURA316SAT,November-1998,138.8
Transportation,CUURA316SAT,January-1999,136.9
Transportation,CUURA316SAT,March-1999,137.8
Transportation,CUURA316SAT,May-1999,140.2
Transportation,CUURA316SAT,July-1999,141.0
Transportation,CUURA316SAT,September-1999,143.2
Transportation,CUURA316SAT,November-1999,144.6
Transportation,CUURA316SAT,January-2000,146.3
Transportation,CUURA316SAT,March-2000,151.9
Transportation,CUURA316SAT,May-2000,150.9
Transportation,CUURA316SAT,July-2000,154.9
Transportation,CUURA316SAT,September-2000,153.1
Transportation,CUURA316SAT,November-2000,154.8
Transportation,CUURA316SAT,January-2001,153.6
Transportation,CUURA316SAT,March-2001,153.1
Transportation,CUURA316SAT,May-2001,160.0
Transportation,CUURA316SAT,July-2001,155.3
Transportation,CUURA316SAT,September-2001,155.1
Transportation,CUURA316SAT,November-2001,149.6
Transportation,CUURA316SAT,January-2002,148.2
Transportation,CUURA316SAT,March-2002,150.3
Transportation,CUURA316SAT,May-2002,154.6
Transportation,CUURA316SAT,July-2002,154.4
Transportation,CUURA316SAT,September-2002,154.7
Transportation,CUURA316SAT,November-2002,158.6
Transportation,CUURA316SAT,January-2003,159.1
Transportation,CUURA316SAT,March-2003,164.0
Transportation,CUURA316SAT,May-2003,157.8
Transportation,CUURA316SAT,July-2003,160.7
Transportation,CUURA316SAT,September-2003,160.0
Transportation,CUURA316SAT,November-2003,157.7
Transportation,CUURA316SAT,January-2004,160.1
Transportation,CUURA316SAT,March-2004,161.8
Transportation,CUURA316SAT,May-2004,167.4
Transportation,CUURA316SAT,July-2004,165.1
Transportation,CUURA316SAT,September-2004,165.3
Transportation,CUURA316SAT,November-2004,167.4
Transportation,CUURA316SAT,January-2005,167.5
Transportation,CUURA316SAT,March-2005,170.7
Transportation,CUURA316SAT,May-2005,174.8
Transportation,CUURA316SAT,July-2005,176.1
Transportation,CUURA316SAT,September-2005,188.9
Transportation,CUURA316SAT,November-2005,178.9
Transportation,CUURA316SAT,January-2006,179.8
Transportation,CUURA316SAT,March-2006,179.9
Transportation,CUURA316SAT,May-2006,192.1
Transportation,CUURA316SAT,July-2006,192.9
Transportation,CUURA316SAT,September-2006,183.5
Transportation,CUURA316SAT,November-2006,174.6
Transportation,CUURA316SAT,January-2007,176.463
Transportation,CUURA316SAT,March-2007,180.336
Transportation,CUURA316SAT,May-2007,188.914
Transportation,CUURA316SAT,July-2007,188.535
Transportation,CUURA316SAT,September-2007,184.295
Transportation,CUURA316SAT,November-2007,193.006
Transportation,CUURA316SAT,January-2008,193.824
Transportation,CUURA316SAT,March-2008,198.935
Transportation,CUURA316SAT,May-2008,209.441
Transportation,CUURA316SAT,July-2008,216.337
Transportation,CUURA316SAT,September-2008,205.471
Transportation,CUURA316SAT,November-2008,176.624
Transportation,CUURA316SAT,January-2009,168.583
Transportation,CUURA316SAT,March-2009,173.818
Transportation,CUURA316SAT,May-2009,179.181
Transportation,CUURA316SAT,July-2009,185.218
Transportation,CUURA316SAT,September-2009,185.051
Transportation,CUURA316SAT,November-2009,191.397
Transportation,CUURA316SAT,January-2010,193.308
Transportation,CUURA316SAT,March-2010,195.190
Transportation,CUURA316SAT,May-2010,198.412
Transportation,CUURA316SAT,July-2010,194.272
Transportation,CUURA316SAT,September-2010,193.715
Transportation,CUURA316SAT,November-2010,198.083
Transportation,CUURA316SAT,January-2011,206.101
Transportation,CUURA316SAT,March-2011,216.986
Transportation,CUURA316SAT,May-2011,225.591
Transportation,CUURA316SAT,July-2011,221.827
Transportation,CUURA316SAT,September-2011,217.873
Transportation,CUURA316SAT,November-2011,214.239
Transportation,CUURA316SAT,January-2012,215.657
Transportation,CUURA316SAT,March-2012,229.754
Transportation,CUURA316SAT,May-2012,227.080
Transportation,CUURA316SAT,July-2012,219.503
Transportation,CUURA316SAT,September-2012,228.312
Transportation,CUURA316SAT,November-2012,216.665
Transportation,CUURA316SAT,January-2013,219.398
Transportation,CUURA316SAT,March-2013,229.883
Transportation,CUURA316SAT,May-2013,226.600
Transportation,CUURA316SAT,July-2013,232.225
Transportation,CUURA316SAT,September-2013,226.168
Transportation,CUURA316SAT,November-2013,217.671
Transportation,CUURA316SAT,January-2014,219.292
Transportation,CUURA316SAT,March-2014,224.790
Transportation,CUURA316SAT,May-2014,227.200
Transportation,CUURA316SAT,July-2014,225.938
Transportation,CUURA316SAT,September-2014,219.845
Transportation,CUURA316SAT,November-2014,210.720
Transportation,CUURA316SAT,January-2015,193.314
Transportation,CUURA316SAT,March-2015,201.044
